{"cameraMode":{"drawMode":0,"name":"Shaded","section":"Shading Mode"},"sceneLighting":false,"audioPlay":true,"sceneViewState":{"showFog":true,"showMaterialUpdate":true,"showSkybox":true,"showFlares":true,"showImageEffects":true,"showParticleSystems":true},"in2DMode":false,"pivot":{"x":0.2873859405517578,"y":0.13492774963378907,"z":-0.36345386505126955},"rotation":{"x":-0.07915398478507996,"y":0.9103677868843079,"z":-0.2057848572731018,"w":-0.3501678705215454},"size":10.0,"orthographic":false}